,Company,TypeName,Ram,OpSys,Weight,Price,Touchscreen,Ips,Cpu_brand,HDD,SSD
0,1,1,8,1,1.37,71378.6832,0,1,1,0,128
1,1,1,8,1,1.34,47895.5232,0,0,1,0,0
2,2,2,8,2,1.86,30636.0,0,0,1,0,256
3,1,1,16,1,1.83,135195.33599999998,0,1,2,0,512
4,1,1,8,1,1.37,96095.808,0,1,1,0,256
5,3,2,4,3,2.1,21312.0,0,0,3,500,0
6,1,1,16,4,2.04,114017.6016,0,1,2,0,0
7,1,1,8,1,1.34,61735.536,0,0,1,0,0
8,4,1,16,3,1.3,79653.59999999999,0,0,2,0,512
9,3,1,8,3,1.6,41025.6,0,1,1,0,256
10,2,2,4,2,1.86,20986.992,0,0,1,500,0
11,2,2,4,2,1.86,18381.0672,0,0,4,500,0
12,1,1,16,1,1.83,130001.6016,0,1,2,0,256
13,5,2,4,3,2.2,26581.392,0,0,4,0,256
14,1,1,8,1,0.92,67260.672,0,1,5,0,256
15,1,1,8,1,1.37,80908.344,0,1,1,0,256
16,5,2,8,3,2.2,39693.6,0,0,2,0,256
17,1,1,16,1,1.83,152274.24,0,1,2,0,512
18,6,2,8,2,2.2,26586.72,0,0,4,1000,0
19,5,1,8,3,1.22,52161.12,1,1,1,0,128
20,4,3,2,3,0.98,10224.432,0,0,5,0,0
21,6,4,8,3,2.5,53226.72,0,1,1,1000,128
22,2,2,4,2,1.86,13746.24,0,0,3,500,0
23,5,5,8,3,1.62,43636.32,1,0,1,0,256
24,2,1,8,3,1.91,35111.52,0,0,2,0,256
25,5,2,4,3,2.3,22305.1392,0,0,4,1000,0
26,1,1,8,4,1.35,58554.72,0,0,1,0,0
27,5,2,8,3,2.2,42624.0,0,0,1,0,256
28,5,1,8,3,1.88,69157.44,0,0,2,0,512
29,2,2,8,3,2.5,47738.88,0,0,1,1000,0
30,7,2,4,3,1.89,13053.0672,0,0,5,0,0
31,4,2,2,3,1.65,10602.72,0,0,3,0,0
32,2,2,4,3,2.71,23389.92,0,0,3,500,0
33,5,1,16,3,1.2,99580.32,1,0,2,0,512
34,1,1,8,4,1.35,53173.44,0,0,1,0,0
35,6,2,4,3,1.44,13266.72,0,0,5,0,0
36,3,2,4,5,2.1,19553.76,0,0,4,1000,0
37,5,2,8,3,2.8,52161.12,0,1,1,1000,128
38,2,2,4,3,1.86,26037.4032,0,0,1,1000,0
39,2,2,8,3,2.1,46833.12,0,0,1,0,256
40,4,2,4,5,2.0,20725.92,0,0,4,1000,0
41,5,4,16,3,2.65,79866.72,0,1,2,1000,256
42,4,2,8,5,2.3,27864.9072,0,0,1,1000,0
43,3,2,4,3,2.2,36336.96,0,1,1,0,256
44,5,5,12,3,2.77,53226.72,1,0,1,1000,0
45,1,1,8,1,1.37,75604.31999999999,0,1,1,0,256
46,6,2,4,2,2.2,19660.32,0,0,4,0,128
47,4,4,8,3,3.2,69210.72,0,0,3,1000,256
48,5,2,4,3,2.3,34045.92,0,0,1,0,256
49,4,2,4,3,2.8,24828.48,0,0,5,1000,0
50,6,5,4,6,0.69,16996.32,1,1,5,0,0
51,3,2,8,3,2.2,44808.48,0,1,2,0,256
52,2,2,4,3,1.86,21231.5472,0,0,3,0,256
53,2,2,8,3,1.49,58767.84,0,0,2,0,512
54,3,2,4,3,2.4,20459.52,0,0,4,1000,0
55,5,2,8,3,2.13,40908.384,0,0,2,0,256
56,2,2,4,3,1.91,23389.92,0,0,4,0,128
57,4,2,4,3,2.0,31232.203200000004,0,0,1,0,256
58,8,4,16,3,2.43,130482.72,0,0,2,2000,256
59,4,2,4,5,2.0,22111.2,0,0,4,0,256
60,5,2,16,3,2.8,69210.72,0,0,2,2000,256
61,5,1,8,3,1.7,46833.12,0,0,1,0,256
62,6,2,8,2,1.7,31914.72,0,1,4,0,256
63,4,2,8,3,1.4,50136.48,0,0,1,0,256
64,2,2,8,3,1.86,36763.2,0,0,1,0,256
65,4,1,16,3,1.8,105654.24,0,0,2,0,512
66,2,2,4,3,1.86,23373.4032,0,0,4,500,0
67,2,2,4,3,1.44,12201.12,0,0,5,0,32
68,6,2,4,3,1.9,29250.72,0,0,1,1000,0
69,4,4,12,5,3.0,50562.72,0,0,2,1000,0
70,9,1,4,7,1.252,58021.92,1,0,1,0,128
71,5,1,8,3,1.4,50882.4,0,1,2,0,256
72,5,2,8,3,2.2,46353.6,0,0,2,0,256
73,8,4,8,3,2.7,58341.6,0,0,1,1000,128
74,3,2,8,3,2.1,20725.92,0,0,4,1000,0
75,4,4,8,3,2.2,50562.72,0,0,2,1000,0
76,6,2,8,2,2.2,27652.32,0,0,1,2000,0
77,5,2,8,3,2.02,45554.4,0,0,2,1000,128
78,3,2,4,3,2.2,28238.4,0,0,4,1000,0
79,2,2,8,3,2.5,52054.56,0,0,1,1000,128
80,5,1,8,3,1.88,58403.4048,0,1,1,0,256
81,1,1,8,1,0.92,80452.8,0,1,1,0,512
82,2,2,8,3,1.63,45820.8,0,0,1,0,256
83,6,2,4,3,2.2,21258.72,0,0,3,0,128
84,3,2,4,3,2.1,21045.6,0,0,3,1000,0
85,5,4,16,3,2.65,71874.72,0,1,2,1000,128
86,2,1,8,3,1.83,37242.72,0,1,2,0,256
87,2,2,8,3,1.96,31914.1872,0,0,1,0,256
88,4,4,16,3,2.2,77202.72,0,1,2,1000,128
89,5,1,8,3,1.21,87858.72,0,1,2,0,256
90,4,4,8,3,2.45,37242.72,0,0,3,1000,0
91,3,2,8,3,2.2,36709.92,0,0,2,1000,0
92,2,2,16,3,1.49,63776.16,0,0,2,0,512
93,5,4,8,3,2.65,63669.6,0,0,1,0,256
94,4,1,8,3,1.25,55890.72,0,0,2,0,256
95,3,5,8,3,1.5,45128.16,1,1,1,0,256
96,5,2,8,5,2.2,31962.672,0,0,2,1000,0
97,5,2,4,5,2.2,25840.8,0,0,4,0,256
98,4,2,6,3,2.0,30742.56,0,0,4,0,256
99,2,4,12,3,2.62,66546.72,0,1,2,1000,128
100,2,2,8,3,1.91,38308.32,0,0,2,0,256
101,2,2,4,3,2.1,18594.72,0,0,3,500,0
102,5,2,8,5,2.2,34472.16,0,0,1,1000,0
103,2,1,8,3,1.38,59620.32,0,1,2,0,256
104,9,1,8,7,1.252,71395.2,1,0,1,0,256
105,2,2,6,3,1.58,35111.52,0,1,1,0,256
106,6,2,4,3,1.85,22105.872,0,0,4,1000,0
107,4,1,8,3,1.3,63563.04,0,1,2,0,256
108,8,4,16,3,2.2,69210.72,0,0,2,1000,256
109,6,2,8,3,1.58,78854.4,0,1,2,0,256
110,4,1,16,3,1.5,67239.36,0,0,2,1000,256
111,5,1,8,3,1.23,73473.12,1,0,2,0,256
112,6,5,8,3,1.37,74538.72,1,1,1,0,256
113,2,2,4,3,1.63,38468.16,0,1,1,500,0
114,5,1,8,3,1.21,86793.12,0,1,1,0,256
115,2,5,8,3,1.26,74538.1872,1,1,1,0,256
116,2,2,8,3,1.63,57755.52,0,0,2,0,512
117,5,2,8,3,2.16,60223.98239999999,0,1,2,1000,256
118,4,2,4,3,2.0,30049.92,0,0,4,1000,0
119,4,2,8,3,1.7,59567.04,0,0,2,0,256
120,3,2,6,3,2.1,25521.12,1,1,4,1000,0
121,8,4,16,3,1.8,119427.12,0,0,2,2000,256
122,6,2,8,2,2.2,33513.119999999995,0,0,1,0,256
123,2,2,16,3,2.5,67718.88,0,0,2,0,512
124,3,2,4,3,2.1,24029.28,0,0,3,0,256
125,2,2,4,2,1.86,13799.52,0,0,5,500,0
126,2,2,8,3,1.63,43263.36,0,0,1,1000,0
127,4,2,4,7,1.65,14811.3072,0,0,3,0,64
128,5,2,16,3,2.8,74378.87999999999,0,0,2,2000,256
129,2,2,8,3,2.5,49443.84,0,0,1,0,256
130,5,2,8,3,2.36,34045.3872,0,0,1,1000,0
131,5,2,4,3,2.2,23922.72,0,0,4,1000,0
132,3,1,8,3,1.6,47099.52,0,1,2,0,256
133,3,2,4,3,2.2,30476.16,0,0,4,0,256
134,2,2,8,3,2.05,31861.44,0,0,2,1000,0
135,2,2,8,3,1.63,52640.64,0,0,2,0,256
136,6,2,4,2,1.9,13445.7408,0,0,5,1000,0
137,4,4,8,3,3.0,49976.64,0,0,1,1000,128
138,6,2,4,2,2.2,26586.72,0,0,1,1000,0
139,2,2,4,3,1.32,37242.72,0,1,1,0,256
140,3,2,4,3,3.0,34898.4,0,1,4,1000,0
141,6,2,8,3,1.75,59461.5456,0,1,1,0,256
142,6,4,8,2,2.4,46300.32,0,1,2,0,256
143,10,2,4,3,2.1,32074.56,0,0,1,500,0
144,2,2,4,3,1.86,19660.32,0,0,3,0,256
145,4,1,8,3,1.25,58554.72,0,0,2,0,256
146,2,1,8,3,0.97,107305.92,1,1,5,0,512
147,4,2,4,3,2.0,18328.32,0,0,5,1000,0
148,8,4,16,3,2.9,108105.12,0,0,2,1000,256
149,3,2,4,3,2.1,23816.16,0,0,4,1000,0
150,5,4,16,3,2.56,66560.5728,0,0,2,0,512
151,5,4,8,3,2.62,47898.72,0,0,2,0,0
152,6,2,4,3,1.9,26533.44,0,0,1,0,128
153,8,4,16,3,2.8,100699.2,0,0,2,1000,256
154,2,1,4,3,1.48,57648.96,0,0,1,0,256
155,2,2,6,3,1.91,32980.32,0,0,1,0,256
156,6,5,4,3,1.74,33513.119999999995,1,1,4,0,256
157,4,5,8,3,1.1,70063.2,1,0,1,0,256
158,5,5,8,3,1.56,55890.72,1,0,2,0,256
159,10,2,4,3,2.1,23816.16,0,0,4,500,0
160,4,2,4,3,2.03,21471.84,0,0,3,1000,0
161,3,2,4,3,3.0,42890.4,0,1,1,0,256
162,5,2,8,3,2.13,38787.84,0,0,1,0,256
163,6,4,16,3,2.5,57489.12,0,1,2,0,256
164,3,2,4,3,2.1,18541.44,0,0,5,1000,0
165,8,4,16,3,2.4,95850.72,0,1,2,1000,256
166,3,2,4,3,2.1,19367.8128,0,0,5,1000,0
167,5,4,8,3,2.56,56502.9072,0,0,2,1000,128
168,3,2,8,3,3.0,45501.12,0,1,1,0,256
169,2,2,4,3,1.49,40173.12,0,1,1,500,0
170,11,1,8,3,1.05,71874.72,0,1,1,0,256
171,2,2,6,3,2.71,37242.72,0,1,1,2000,0
172,6,2,4,2,2.2,16463.52,0,0,3,500,0
173,10,2,4,3,2.0,26053.92,0,0,4,500,0
174,2,2,8,3,2.5,49177.44,0,0,1,0,256
175,5,2,8,3,2.3,24455.52,0,0,4,1000,0
176,3,2,4,3,2.1,23922.72,0,0,4,0,128
177,8,4,32,3,4.4,149130.72,0,0,2,1000,512
178,6,2,8,3,1.9,43316.64,0,0,1,1000,128
179,2,5,8,3,1.29,79866.72,1,1,1,0,256
180,5,2,16,5,2.02,55890.72,0,0,2,2000,256
181,5,1,8,3,1.23,74538.72,0,0,1,0,256
182,6,5,16,3,1.4,98514.72,1,1,2,0,512
183,10,2,8,3,2.0,42251.04,0,0,1,0,128
184,12,2,8,2,1.95,63882.72,0,1,1,0,256
185,5,2,16,3,2.77,82530.72,1,0,2,0,512
186,5,2,16,3,2.06,127712.16,1,0,2,0,512
187,6,4,8,2,2.4,41505.12,0,1,1,0,256
188,3,1,8,3,1.12,52693.92,0,1,1,0,256
189,5,2,8,3,2.8,57808.8,0,0,2,1000,128
190,6,5,16,3,1.42,150462.72,1,0,2,0,1000
191,13,2,4,3,1.3,13852.8,0,1,5,0,0
192,12,1,8,2,1.3,53274.67199999999,0,1,1,0,256
193,6,2,8,2,2.8,37189.44,0,0,1,0,256
194,5,5,8,3,1.62,44701.92,1,1,2,1000,0
195,2,2,8,3,2.5,48697.92,0,1,1,1000,0
196,14,4,32,3,3.49,324954.72,1,0,2,0,1000
197,2,2,8,3,1.49,51095.52,0,0,1,0,512
198,2,4,16,3,3.35,73473.12,0,1,2,1000,256
199,2,2,8,3,2.5,55677.6,0,0,2,0,256
200,5,4,16,3,2.65,98301.6,0,1,2,1000,512
201,6,2,4,3,2.1,26267.04,0,0,1,0,128
202,3,2,8,3,2.23,39533.76,0,0,2,1000,0
203,6,4,16,3,3.2,93186.72,0,1,2,1000,512
204,5,6,16,3,2.8,162770.4,0,0,5,1000,256
205,6,4,16,2,2.4,74485.44,0,0,2,0,512
206,5,2,6,3,2.3,23389.92,1,0,4,1000,0
207,5,1,8,3,1.21,103842.72,1,1,2,0,256
208,5,1,8,3,1.2,77202.72,0,0,2,0,256
209,6,2,8,3,2.2,31808.16,0,0,1,0,256
210,3,2,8,5,2.4,41505.12,0,0,2,1000,0
211,4,4,16,3,2.9,74964.95999999999,0,0,2,1000,256
212,2,2,4,2,2.1,18594.72,0,0,4,500,0
213,6,2,8,2,2.2,29250.72,0,0,1,0,256
214,11,1,8,3,1.05,79866.72,0,1,2,0,512
215,5,1,8,3,1.4,49650.5664,0,1,2,0,256
216,6,2,8,2,2.8,31381.92,0,0,1,1000,0
217,2,2,8,3,1.63,54931.68,0,0,2,0,256
218,5,1,8,3,1.6,61218.72,0,0,1,0,256
219,5,5,16,3,1.62,68145.12,1,0,2,0,512
220,5,2,8,5,2.2,36089.208,0,0,1,0,256
221,6,5,8,3,1.74,47898.72,0,1,1,0,256
222,10,1,8,3,1.2,72620.64,0,0,2,0,256
223,2,2,8,3,2.1,42304.32,0,0,1,1000,0
224,5,4,16,3,4.42,130873.7952,0,1,2,1000,256
225,3,2,8,3,2.2,44328.96,0,0,2,0,256
226,5,2,16,3,2.3,45768.0528,1,0,2,1000,0
227,4,2,8,3,2.0,40972.32,0,0,1,0,256
228,4,2,8,3,2.69,47472.48,0,0,1,500,256
229,2,2,8,3,1.9,67612.31999999999,0,0,2,1000,0
230,4,2,4,3,2.37,21258.1872,0,0,4,1000,0
231,2,2,4,3,2.1,17582.399999999998,0,0,3,500,0
232,6,4,16,3,3.2,79866.72,0,1,2,1000,256
233,5,2,8,3,1.6,45767.52,0,0,1,0,256
234,3,5,8,3,1.6,36709.92,1,1,1,0,256
235,5,2,16,5,2.36,47898.72,0,0,2,0,256
236,3,2,4,5,2.1,20779.2,0,0,4,1000,0
237,4,2,4,3,2.2,30636.0,0,0,3,1000,128
238,4,4,32,3,4.7,207259.2,0,0,2,1000,512
239,3,4,8,3,2.5,45074.88,0,1,1,0,256
240,6,2,8,3,2.2,31381.92,0,0,4,0,128
241,4,2,8,3,2.1,61005.6,0,0,2,1000,128
242,4,2,8,2,2.69,47365.92,0,0,2,1000,128
243,5,4,8,3,2.56,46833.12,0,0,1,0,256
244,6,5,8,3,1.38,57489.12,1,1,2,0,256
245,5,2,8,3,2.2,52480.8,0,0,2,2000,128
246,2,2,8,3,2.04,29783.52,1,0,1,1000,0
247,4,4,16,3,3.6,159786.72,0,0,2,0,256
248,2,2,4,3,1.49,35964.0,0,1,1,500,0
249,1,1,8,1,1.37,108691.2,0,1,1,0,512
250,5,5,8,3,2.08,43636.32,1,1,2,1000,0
251,4,4,16,3,4.3,95850.72,0,0,2,1000,256
252,4,2,4,3,1.68,24988.32,0,0,3,1000,0
253,6,5,8,3,1.37,98514.72,1,1,2,0,512
254,3,2,4,3,3.0,37402.56,0,1,4,0,256
255,5,1,8,3,1.41,50562.72,0,0,1,0,256
256,2,2,8,3,1.91,23757.552,0,0,3,0,128
257,2,2,16,3,2.9,56423.52,0,1,2,1000,0
258,8,4,16,3,4.14,133146.72,0,0,2,1000,512
259,6,5,8,3,2.0,90522.72,1,1,2,0,512
260,5,2,8,3,2.8,60845.76,0,0,2,1000,128
261,6,2,4,2,2.2,23656.32,0,0,4,0,256
262,2,2,4,3,2.1,38468.16,0,1,1,500,0
263,5,2,4,3,2.18,35004.96,0,0,1,1000,0
264,5,2,8,3,2.24,30103.2,0,0,1,1000,0
265,5,5,8,3,2.67,42570.72,1,0,1,0,256
266,4,5,8,3,1.1,79866.72,1,0,2,0,1024
267,6,2,4,2,2.2,24881.76,0,0,1,1000,0
268,2,2,8,3,2.5,54239.04,0,0,2,1000,0
269,6,2,8,3,2.05,46886.4,0,0,2,0,256
270,1,1,8,1,1.37,104370.192,0,1,1,0,512
271,4,4,16,3,3.2,82530.72,0,0,3,1000,256
272,5,2,8,5,2.14,39164.5296,0,0,2,0,256
273,6,5,16,3,1.36,133146.72,1,0,2,0,512
274,10,2,8,3,2.2,43263.36,0,0,2,500,0
275,5,2,12,3,2.3,37992.3696,0,0,2,1000,0
276,5,2,8,5,2.8,58554.72,0,0,2,1000,128
277,3,2,8,3,2.2,39693.6,0,1,2,1000,0
278,6,2,4,3,2.8,26053.92,0,0,4,1000,0
279,6,2,8,2,2.8,45234.72,0,0,2,2000,0
280,6,2,6,3,2.8,45767.52,0,0,2,1000,128
281,5,2,4,5,2.25,22803.84,0,0,4,1000,0
282,6,4,8,3,2.5,44169.12,0,1,1,0,256
283,6,2,6,3,2.2,30849.12,0,0,1,0,256
284,3,2,8,3,3.0,50669.28,0,1,2,0,256
285,3,2,12,3,2.15,35111.52,1,1,2,1000,0
286,6,2,8,3,1.95,58448.16,0,1,2,0,256
287,4,1,8,3,1.7,52054.56,0,0,1,0,256
288,6,4,16,3,2.5,62817.12,0,1,2,1000,256
289,6,2,8,2,2.2,35112.0528,0,0,2,1000,0
290,3,2,2,8,2.19,10602.72,0,0,5,0,16
291,4,4,8,3,3.0,63243.36,0,0,2,1000,0
292,2,2,8,3,2.54,26053.92,0,0,4,1000,0
293,5,2,8,3,2.0,97449.12,0,0,2,0,256
294,6,2,8,3,2.05,39373.92,0,0,1,0,256
295,6,4,8,3,3.2,69210.72,0,1,2,1000,0
296,3,2,8,5,2.5,52161.12,0,0,2,0,256
297,5,6,16,3,3.42,153705.3408,0,0,2,0,256
298,6,2,6,3,2.4,26586.72,0,0,3,1000,0
299,4,1,16,3,1.63,78215.04,0,0,2,0,512
300,4,2,4,3,1.3,27119.52,0,0,4,0,128
301,4,4,16,3,2.9,113060.16,0,0,2,1000,256
302,6,2,6,3,2.8,34578.72,0,0,1,1000,0
303,6,2,8,2,2.2,29250.72,0,0,1,2000,0
304,4,4,8,3,2.5,67399.2,0,0,2,1000,128
305,6,2,4,2,2.2,19180.2672,0,0,5,1000,0
306,2,5,16,3,1.28,105228.0,1,0,2,0,256
307,10,2,8,3,2.2,55571.04,0,1,2,0,256
308,6,2,8,3,2.3,43636.32,0,0,1,1000,128
309,2,2,4,3,1.86,24988.32,0,0,4,1000,0
310,6,2,8,3,1.1,53226.72,0,1,1,0,256
311,5,1,16,3,1.21,133146.72,1,1,2,0,1000
312,8,4,16,3,2.8,111834.72,0,1,2,1000,256
313,3,2,8,3,2.23,24988.32,0,0,3,0,256
314,4,5,2,3,1.1,14652.0,1,0,5,0,0
315,5,2,8,3,2.33,44968.32,0,0,1,1000,128
316,2,5,16,3,1.29,130482.72,1,1,2,0,1000
317,6,2,4,8,1.45,24503.472,0,0,5,0,0
318,2,2,8,3,1.95,52214.4,0,0,1,0,256
319,3,2,4,3,1.4,25840.8,0,0,5,0,0
320,2,2,8,3,1.48,68837.76,0,0,2,0,256
321,6,2,4,3,2.79,31381.92,0,0,1,1000,0
322,4,2,8,3,2.0,58288.32,0,0,2,0,256
323,2,2,8,3,2.1,48058.56,0,1,2,1000,0
324,3,2,8,3,2.2,35111.52,0,0,3,0,256
325,6,2,4,3,1.44,15557.76,0,0,5,0,0
326,3,2,6,3,2.23,29250.72,0,0,1,1000,0
327,4,1,8,3,1.7,55938.672,0,0,2,0,256
328,2,1,8,3,1.26,71128.8,0,0,2,0,256
329,5,2,32,3,2.06,140605.91999999998,1,0,2,0,1000
330,8,4,8,3,2.7,63882.72,0,0,2,1000,256
331,10,2,8,3,2.0,50243.04,0,1,1,0,256
332,4,2,8,3,2.0,71075.52,0,0,2,1000,256
333,6,2,4,3,1.85,23922.72,0,0,4,1000,0
334,4,4,8,3,2.5,53226.72,0,0,2,0,256
335,2,2,8,3,1.48,67559.04,0,0,1,0,256
336,5,1,8,3,1.9,55890.72,0,1,1,1000,128
337,2,2,8,3,1.84,60952.32,0,0,1,0,256
338,4,2,4,5,2.0,14651.4672,0,0,5,1000,0
339,5,2,8,3,2.0,60885.72,0,0,1,0,256
340,5,2,4,5,2.2,14646.672,0,0,5,500,0
341,6,2,12,3,2.2,47898.72,0,0,3,2000,0
342,2,2,8,3,2.1,38148.48,0,1,4,1000,0
343,6,5,16,3,1.4,111834.72,1,1,2,0,512
344,5,1,8,3,1.2,84129.12,0,0,2,0,256
345,6,4,16,3,2.4,60153.12,0,1,2,2000,256
346,2,2,2,3,1.44,14865.12,0,0,5,0,0
347,5,1,16,3,1.88,85672.1088,0,0,2,0,768
348,4,5,4,3,1.5,19980.0,1,0,5,0,0
349,5,1,8,3,1.9,35324.64,0,0,1,1000,0
350,5,2,16,3,2.06,108020.9376,1,0,2,0,512
351,2,2,8,3,1.84,69477.12,0,0,2,0,256
352,8,4,8,3,2.7,75071.52,0,0,2,1000,128
353,2,6,8,3,2.6,92615.0256,0,0,2,0,256
354,10,2,16,3,2.4,74751.84,0,1,2,0,512
355,5,2,8,3,2.02,51729.55199999999,0,0,2,2000,128
356,6,2,4,2,2.2,17155.627200000003,0,0,5,1000,0
357,5,4,8,3,2.65,53226.72,0,0,1,1000,0
358,5,2,8,3,2.36,29696.6736,1,0,1,2000,0
359,5,2,8,3,1.36,76030.56,0,0,1,0,256
360,2,2,4,3,1.86,23389.92,0,0,4,500,0
361,4,2,8,3,2.0,50349.6,0,0,1,0,256
362,6,2,6,3,2.8,38308.32,0,0,1,1000,128
363,2,2,8,3,1.86,34045.92,0,0,1,1000,0
364,6,2,8,2,2.2,26586.72,0,0,4,0,256
365,2,2,8,3,2.04,20725.92,0,0,5,2000,0
366,5,2,8,3,2.8,57808.8,0,0,1,1000,128
367,6,4,8,2,2.4,43103.52,0,1,1,1000,128
368,5,2,8,3,2.33,47898.72,0,0,2,0,256
369,2,1,8,3,1.36,93240.0,0,1,2,0,256
370,4,5,12,3,2.26,58554.72,1,0,2,2000,512
371,3,2,4,3,2.1,22697.28,0,0,3,0,128
372,4,4,16,3,3.25,117162.72,0,1,3,1000,256
373,6,2,4,3,2.6,26053.92,0,0,3,0,128
374,5,5,8,3,1.62,46300.85279999999,1,0,2,0,256
375,2,2,4,3,1.91,26053.3872,0,0,3,0,256
376,6,3,4,3,1.59,29463.84,0,1,5,0,128
377,5,2,4,3,1.8,16463.52,0,0,5,500,0
378,4,2,4,3,1.5,15238.08,0,0,5,0,0
379,3,2,8,5,2.4,45074.88,0,0,2,1000,0
380,2,4,8,3,3.35,63456.48,0,1,2,1000,128
381,6,2,4,2,1.85,21498.48,0,0,4,0,128
382,4,4,8,3,2.3,88178.4,0,1,2,1000,128
383,6,2,8,3,1.5,58554.72,0,1,1,0,256
384,4,1,16,3,1.1,93181.392,1,0,2,0,512
385,6,1,8,3,1.13,121584.96,0,1,2,0,512
386,6,2,4,3,1.5,29250.72,0,1,4,0,128
387,5,6,8,3,2.23,72940.31999999999,0,0,1,500,0
388,5,6,8,3,2.0,113752.8,0,1,2,0,256
389,6,5,16,3,1.42,133679.52,1,0,2,0,512
390,4,4,8,3,3.0,55357.92,0,0,2,1000,0
391,4,4,16,3,3.0,84768.48,0,0,2,1000,256
392,3,2,12,3,2.2,36975.7872,0,1,1,1000,0
393,8,4,8,3,2.7,71874.72,0,0,2,0,256
394,5,2,8,5,2.33,41498.1936,0,0,2,0,256
395,2,1,4,3,1.91,26586.72,0,0,3,0,256
396,6,2,8,3,2.1,65510.9568,0,1,2,0,256
397,6,2,8,3,1.9,49976.64,0,1,1,0,256
398,5,6,8,3,1.78,144495.36,1,0,2,0,256
399,6,1,16,3,1.13,139860.0,0,1,2,0,1000
400,6,2,4,3,2.2,16303.68,0,0,5,1000,0
401,4,4,16,3,2.9,81465.12,0,0,2,1000,256
402,6,2,8,3,2.1,60978.96,0,1,1,1000,256
403,3,2,8,5,2.5,46833.12,0,0,2,0,256
404,8,4,16,3,2.8,119826.72,0,0,2,1000,256
405,4,1,8,3,1.1,99793.44,0,0,2,0,512
406,10,1,16,3,1.2,93080.16,0,0,2,0,512
407,5,1,8,3,1.36,89510.4,0,0,2,0,512
408,6,2,4,3,2.2,21791.52,0,0,4,500,0
409,6,2,2,3,1.15,16221.096,0,0,5,0,0
410,6,6,8,3,2.67,102564.0,0,0,2,0,512
411,6,1,8,3,1.7,103523.04,0,1,2,0,512
412,2,2,4,3,2.1,24988.32,0,0,4,1000,0
413,3,5,8,3,1.6,42038.4528,1,1,2,0,256
414,4,5,8,3,1.27,49443.84,1,1,1,0,256
415,5,2,4,5,2.3,31909.392,0,0,1,0,256
416,5,2,4,3,1.65,36709.92,0,0,4,0,128
417,2,1,8,3,1.43,79920.0,0,0,2,0,256
418,5,2,8,3,2.14,28768.536,0,0,1,1000,0
419,6,1,8,3,1.75,64755.44640000001,0,1,2,0,256
420,6,5,16,3,2.0,101178.72,1,1,2,0,512
421,7,2,6,3,1.4,23922.72,0,1,5,0,0
422,2,2,8,3,2.31,76030.56,0,0,2,0,256
423,4,2,8,5,2.3,31808.16,0,0,4,1000,0
424,5,4,16,3,4.42,149130.72,0,1,2,1000,256
425,5,4,8,3,2.62,61751.52,0,1,2,1000,128
426,5,2,8,3,2.02,60867.072,0,0,2,2000,256
427,5,1,8,5,1.6,58554.72,0,0,2,0,256
428,2,4,12,3,3.35,106506.72,0,0,2,1000,256
429,15,5,4,3,1.16,15930.72,1,1,5,0,32
430,16,3,4,8,1.15,14332.32,0,0,5,0,0
431,6,2,8,3,1.4,53812.8,0,1,2,0,256
432,6,2,4,3,1.7,31914.72,0,1,4,0,128
433,6,6,16,3,2.3,130269.6,0,1,2,0,512
434,6,2,16,3,2.5,130482.72,0,0,2,0,512
435,4,4,8,3,3.2,90309.6,0,0,3,1000,256
436,2,2,4,3,2.1,18488.16,0,0,5,500,0
437,17,1,16,8,1.1,117162.72,1,0,2,0,512
438,6,1,24,3,1.32,126912.96,0,0,2,0,512
439,4,2,4,5,2.0,29783.52,0,0,1,0,256
440,6,2,8,3,2.8,27652.32,0,0,3,1000,0
441,5,2,4,3,2.2,39906.72,0,0,1,0,256
442,6,1,8,3,1.36,76137.12,0,1,1,0,256
443,6,2,4,3,2.2,18594.72,0,0,5,0,128
444,2,4,8,3,2.2,58554.72,0,1,2,1000,128
445,5,2,8,3,1.64,62817.12,0,0,1,0,256
446,3,2,4,5,2.4,23539.104,0,0,1,500,0
447,5,6,8,3,2.23,106187.04,0,0,5,1000,0
448,8,4,8,3,2.2,54757.9872,0,0,1,0,256
449,9,1,16,7,1.25,137941.91999999998,1,0,2,0,512
450,2,2,8,3,1.91,31381.92,0,0,1,0,128
451,5,6,16,3,2.17,105228.0,0,1,2,0,256
452,2,6,8,3,2.31,81731.52,0,1,2,0,512
453,6,2,8,3,1.65,71661.59999999999,0,0,1,0,256
454,5,2,8,3,2.36,52161.12,0,0,2,1000,128
455,5,5,4,3,1.47,25521.12,1,0,5,500,0
456,5,2,8,3,4.42,109010.88,0,1,2,1000,0
457,9,1,4,7,1.252,52693.92,1,0,5,0,128
458,9,1,8,7,1.25,95850.72,1,0,2,0,256
459,2,2,8,3,2.5,34093.872,0,0,4,0,256
460,3,2,4,3,2.23,28984.32,0,0,4,1000,0
461,3,3,4,3,1.4,23176.8,0,0,5,0,128
462,4,2,8,3,2.37,39906.72,0,0,1,1000,0
463,6,2,8,2,1.5,42570.72,0,1,2,0,512
464,6,2,8,3,2.67,111355.2,0,0,2,0,256
465,4,2,4,3,2.0,16197.12,0,0,5,500,0
466,3,2,4,3,2.2,24988.32,0,0,4,500,0
467,5,2,8,3,2.02,40439.52,0,0,1,2000,0
468,2,4,12,3,3.78,90522.72,0,1,2,1000,0
469,6,1,12,3,1.4,98994.24,0,1,2,0,256
470,2,5,8,3,1.29,106506.72,1,1,2,0,512
471,2,2,8,3,1.9,61485.12,0,0,1,500,0
472,17,1,8,8,1.1,67932.0,1,0,1,0,128
473,5,1,8,3,1.42,98133.768,1,0,1,0,256
474,4,2,12,3,2.06,69210.72,0,1,2,1000,128
475,5,2,8,3,1.79,39427.2,0,0,4,0,128
476,5,6,8,3,1.78,128298.24,0,0,2,0,256
477,6,2,8,3,1.7,72673.92,0,0,1,0,180
478,5,2,8,3,2.2,35964.0,0,0,1,1000,0
479,10,2,8,3,1.05,89084.16,0,1,1,0,256
480,5,2,8,3,2.16,67239.36,0,1,2,0,512
481,5,2,4,3,2.18,31254.048,0,0,4,1000,0
482,2,2,4,3,1.49,38681.28,0,1,1,0,128
483,7,2,4,3,1.89,13261.392000000002,0,0,5,0,0
484,6,2,4,3,2.3,30103.2,0,0,4,0,128
485,6,2,8,3,1.75,55890.72,0,1,1,0,256
486,5,6,16,3,2.17,124568.64,0,1,2,0,512
487,5,2,16,3,2.06,101178.72,0,0,2,0,512
488,6,1,16,3,1.36,95797.44,0,1,2,0,512
489,4,1,16,3,0.91,103896.0,0,0,2,0,512
490,6,2,8,3,2.3,53918.82719999999,0,1,1,0,256
491,10,1,32,3,1.05,149130.72,1,0,2,0,512
492,4,4,8,3,1.99,71928.0,0,0,2,1000,128
493,3,2,8,3,2.2,30849.12,0,0,3,1000,0
494,4,4,24,3,4.33,67612.31999999999,1,1,2,1000,256
495,6,1,8,3,1.3,58554.72,0,1,1,0,180
496,6,2,8,3,2.17,47893.39199999999,0,0,2,0,256
497,2,2,8,3,1.48,93186.72,0,0,2,0,1000
498,6,2,8,3,1.4,50562.72,0,1,4,0,256
499,6,2,8,3,2.3,48538.08,0,1,1,0,256
500,4,3,4,7,1.2,18115.2,0,0,5,0,0
501,2,2,8,3,1.91,32979.7872,0,0,1,0,256
502,6,5,8,3,1.4,85194.72,1,1,1,0,256
503,6,2,4,3,2.1,15930.72,0,0,5,500,0
504,6,3,4,8,1.25,14119.2,0,0,5,0,16
505,6,2,8,3,1.44,50562.72,0,0,1,0,256
506,4,2,8,3,2.0,65214.72,0,0,2,1000,256
507,3,2,4,3,2.2,32660.64,0,1,1,1000,0
508,2,1,8,3,1.34,70489.44,0,1,2,0,512
509,6,4,8,2,2.4,61218.72,0,1,2,1000,256
510,5,1,8,3,1.29,47898.72,1,1,1,0,128
511,3,2,4,3,2.2,34045.92,0,0,2,500,0
512,5,2,8,3,2.18,44542.08,0,0,1,1000,0
513,5,2,16,3,2.2,64961.10719999999,0,0,2,2000,256
514,12,2,16,2,1.95,74589.336,0,1,2,0,256
515,4,3,2,3,1.1,13053.6,0,0,5,0,0
516,2,2,4,3,2.04,27783.9216,1,0,1,1000,0
517,4,4,24,3,2.24,158135.04,0,0,2,0,512
518,2,2,8,3,2.04,47365.92,0,0,1,0,256
519,4,4,16,3,3.0,80133.12,0,0,2,1000,256
520,6,4,8,3,3.2,74538.72,0,1,2,1000,256
521,2,1,8,3,1.32,74538.72,0,1,2,0,256
522,5,2,8,3,1.64,68184.0144,0,0,1,0,256
523,2,2,4,3,1.63,36709.92,0,0,4,0,128
524,5,2,8,5,2.8,47365.92,0,1,1,1000,128
525,6,2,8,9,2.02,71395.2,0,0,1,0,256
526,6,2,4,3,2.2,42570.72,0,0,2,1000,0
527,6,2,8,2,2.2,24455.52,0,0,4,2000,0
528,5,2,4,3,2.3,31168.8,0,0,1,500,0
529,5,2,8,3,1.9,73366.56,0,0,1,0,256
530,5,4,16,3,4.42,160520.3856,0,1,2,1000,128
531,10,2,8,3,2.0,45820.8,0,1,1,500,0
532,4,2,8,3,2.0,69210.72,0,1,2,1000,256
533,15,2,4,3,1.2,19660.32,0,1,5,0,32
534,4,4,8,3,2.3,87858.72,0,1,1,1000,128
535,5,2,8,3,1.93,72940.31999999999,0,0,2,0,256
536,5,2,8,3,2.2,42486.0048,0,0,1,0,256
537,2,2,4,3,1.86,21258.1872,0,0,5,0,256
538,2,4,12,3,2.62,95850.72,0,0,2,1000,0
539,6,2,8,3,1.87,45767.52,0,1,2,0,256
540,5,1,8,3,1.2,74538.72,1,0,2,0,256
541,5,2,4,3,1.6,39207.1536,0,0,4,0,128
542,2,1,8,3,1.34,61005.6,0,1,2,0,256
543,3,4,8,5,2.4,42517.44,0,0,1,1000,0
544,4,2,4,3,2.0,18594.72,0,0,3,500,0
545,2,2,4,3,2.1,37589.04,0,0,4,0,128
546,6,2,4,3,1.87,41824.8,0,0,1,500,0
547,6,2,4,2,2.15,24634.008,0,0,1,1000,0
548,2,2,4,3,1.86,21152.16,0,0,4,500,0
549,6,2,8,3,1.99,92121.12,0,1,2,0,512
550,6,2,4,3,2.2,26586.72,0,0,4,0,128
551,5,2,8,3,1.9,59513.2272,0,0,1,0,256
552,5,4,16,3,4.42,143802.72,0,1,2,1000,256
553,2,2,8,3,2.65,28992.312,0,0,4,1000,0
554,2,2,8,3,2.63,68198.4,0,0,2,1000,0
555,4,2,4,5,2.0,11934.72,0,0,5,500,0
556,15,2,4,3,1.35,13586.4,0,1,5,0,0
557,6,2,6,3,2.8,50562.72,0,0,2,1000,128
558,2,2,6,3,1.91,30310.992,0,1,3,0,128
559,5,2,4,3,2.18,32921.712,0,0,4,1000,0
560,3,5,4,3,1.25,18594.72,1,1,5,0,0
561,6,2,4,3,2.05,33566.4,0,0,4,0,128
562,2,1,16,3,1.16,104695.2,1,1,5,0,512
563,6,2,8,3,3.4,159786.72,0,1,2,0,256
564,4,2,8,3,2.5,44701.92,0,0,1,1000,128
565,5,1,8,3,1.21,85194.72,1,1,1,0,128
566,5,2,4,3,1.93,51095.52,0,0,1,500,0
567,18,2,8,3,2.2,39373.92,0,0,1,1000,0
568,6,2,4,3,2.2,18328.32,0,0,5,500,0
569,6,2,4,3,2.02,52747.2,0,0,1,500,0
570,2,6,8,3,3.14,99153.5472,0,0,1,500,0
571,2,2,8,3,1.94,20725.92,0,0,5,2000,0
572,2,2,6,3,1.95,34578.72,0,1,3,0,256
573,6,2,8,3,2.3,44222.4,0,0,1,0,256
574,6,2,4,3,2.05,36496.8,0,0,1,500,0
575,15,2,4,3,1.4,13266.72,0,0,5,0,32
576,10,1,16,3,1.24,99367.2,1,0,2,0,512
577,6,4,32,3,4.6,141884.63999999998,0,1,2,1000,256
578,8,4,16,3,4.14,145401.12,0,0,2,1000,512
579,5,2,8,5,2.2,39907.2528,0,0,2,0,256
580,15,2,4,3,1.45,20725.92,0,1,5,0,32
581,5,2,8,3,1.9,53733.94559999999,0,0,1,500,0
582,2,2,4,3,1.49,38308.32,0,0,4,0,128
583,5,2,16,3,1.93,81912.13919999999,0,0,2,0,256
584,5,3,4,8,1.26,15717.6,0,0,5,0,0
585,8,4,16,3,4.5,125154.72,0,0,2,1000,128
586,2,4,16,3,3.78,79813.44,0,1,2,1000,256
587,6,1,12,3,1.4,89137.44,0,1,2,0,256
588,6,2,12,3,2.2,32447.52,1,0,2,1000,0
589,4,4,8,3,2.73,94305.6,0,1,1,1000,128
590,4,5,8,3,2.2,39373.92,1,0,1,1000,0
591,6,2,12,3,2.2,50562.72,0,0,3,0,512
592,5,5,4,3,1.39,32127.84,1,0,5,0,128
593,16,2,16,3,2.5,90522.72,0,0,2,1000,128
594,6,2,4,2,2.8,28185.12,0,0,4,500,0
595,6,2,8,3,2.29,24455.52,0,0,4,1000,0
596,6,5,8,3,1.37,107892.0,1,1,2,0,512
597,6,2,8,3,1.7,78534.72,0,1,1,0,256
598,5,5,8,3,1.34,88977.59999999999,1,0,1,0,256
599,5,6,8,3,2.06,93932.64,1,0,2,0,256
600,2,2,8,3,1.84,64948.32,0,0,2,0,256
601,2,2,4,3,2.1,35616.6144,0,0,4,500,0
602,3,2,4,3,1.6,17529.12,0,0,5,0,0
603,8,4,16,3,4.14,117162.72,0,0,2,1000,128
604,5,2,4,5,2.18,24775.2,0,0,4,1000,0
605,8,4,16,3,1.8,122490.72,0,0,2,2000,256
606,10,2,8,3,2.2,74538.72,0,1,2,0,256
607,6,2,6,3,2.4,30049.92,0,0,1,1000,0
608,6,5,8,3,2.0,69210.72,1,1,2,0,256
609,3,2,4,3,1.6,18594.72,0,0,5,0,0
610,6,2,32,3,2.5,261018.72,0,1,5,0,1000
611,5,4,16,3,2.59,46833.6528,0,0,2,1000,0
612,5,2,4,5,2.18,23650.992,0,0,4,1000,0
613,5,2,4,5,2.25,19127.52,0,0,4,1000,0
614,5,2,4,5,1.93,46300.32,0,0,1,500,0
615,4,4,8,3,3.0,62231.04,0,0,2,1000,128
616,5,2,4,5,2.18,30316.32,0,0,1,0,128
617,2,1,8,3,1.84,74005.92,0,0,2,0,512
618,8,4,16,3,2.94,120831.5808,0,0,2,1000,256
619,3,5,4,8,1.25,20193.12,1,1,5,0,0
620,2,2,8,3,2.31,59886.72,0,0,1,0,256
621,6,2,8,9,1.65,78055.2,0,0,1,0,256
622,5,2,4,3,2.2,41345.28,0,0,1,1000,0
623,18,2,8,3,2.2,42570.72,0,0,1,0,256
624,2,2,4,9,1.88,49656.96,0,0,1,500,0
625,6,2,8,3,2.2,47898.72,0,0,2,1000,0
626,15,2,2,3,1.4,12733.92,0,0,5,0,0
627,6,2,4,2,2.2,24935.04,0,0,1,0,128
628,4,5,6,3,1.5,34046.4528,1,0,1,1000,0
629,5,2,8,3,2.0,96969.6,0,0,2,0,256
630,4,1,16,3,1.1,101232.0,0,0,2,0,512
631,5,4,16,3,2.62,78801.12,0,0,2,1000,256
632,6,2,4,3,1.8,44169.12,0,0,1,0,256
633,6,2,4,3,2.2,30849.12,0,0,4,1000,0
634,4,2,8,3,2.0,21258.72,0,0,5,1000,0
635,4,2,8,3,1.99,48304.7136,0,0,1,1000,0
636,5,1,8,3,1.23,99580.32,1,0,1,0,256
637,6,2,2,3,1.42,13266.72,0,0,5,0,0
638,6,5,8,3,1.37,93635.3376,1,1,2,0,256
639,5,2,16,3,2.06,127818.72,1,0,2,0,1000
640,6,4,8,3,2.5,59087.52,0,1,2,1000,128
641,2,2,8,3,2.6,27753.552,0,0,3,1000,0
642,6,1,16,3,1.14,130536.0,0,1,2,0,512
643,4,4,8,2,2.5,62284.32,0,1,2,1000,0
644,3,2,4,3,2.4,23976.0,0,0,4,500,0
645,6,2,4,3,1.43,14598.72,0,0,5,0,0
646,3,1,8,3,1.8,48964.32,0,1,1,0,256
647,14,4,16,3,1.95,138474.72,0,0,2,0,256
648,10,2,8,3,1.2,64628.64,0,0,1,0,256
649,6,1,8,3,1.36,84395.52,0,1,2,0,256
650,4,4,32,3,3.8,149130.72,0,1,2,0,512
651,3,4,8,5,2.4,37775.52,0,0,1,1000,0
652,5,1,8,3,1.2,77250.672,0,0,1,0,256
653,8,4,8,3,2.2,63499.10399999999,0,0,2,1000,128
654,2,2,4,2,1.86,19441.872,0,0,4,500,0
655,10,2,8,3,2.0,56689.92,0,1,1,500,0
656,5,2,8,3,2.2,48964.32,0,0,2,0,256
657,5,2,16,3,2.2,60472.8,0,0,2,2000,256
658,6,4,8,3,3.31,63722.88,0,1,2,1000,128
659,5,4,32,3,4.42,167691.8736,0,1,2,1000,512
660,5,2,8,3,1.56,65481.12,0,0,1,0,256
661,6,2,4,3,2.2,22324.32,0,0,5,500,0
662,6,2,4,3,2.2,28504.8,0,0,1,500,0
663,2,2,6,3,2.04,28717.92,0,0,4,1000,0
664,8,4,8,3,2.7,79215.1056,0,0,2,1000,128
665,10,2,4,3,2.1,26533.44,0,0,4,0,128
666,5,2,8,3,2.06,50882.4,0,0,1,1000,0
667,2,2,8,3,2.1,39693.6,0,0,2,1000,0
668,10,2,8,3,2.0,67026.23999999999,0,1,1,0,256
669,3,2,4,5,2.1,21951.36,0,0,4,0,128
670,9,1,8,7,1.252,99519.048,1,0,2,0,256
671,6,2,8,3,1.9,43580.376,0,0,1,1000,128
672,6,5,8,3,1.3,55091.52,1,1,1,0,256
673,6,2,4,3,2.2,18594.72,0,0,3,0,128
674,2,5,4,3,1.63,37242.72,1,1,4,0,128
675,8,4,16,3,2.4,68944.31999999999,0,0,2,1000,256
676,4,1,8,3,1.1,60472.8,0,0,1,0,256
677,2,5,8,8,1.4,26373.6,1,0,5,0,0
678,19,1,8,3,1.09,122490.72,0,1,2,0,512
679,3,4,16,3,2.5,69210.72,0,0,1,0,256
680,8,4,8,3,2.2,53168.112,0,0,1,0,256
681,4,2,4,3,1.86,22324.32,0,0,5,0,128
682,5,4,16,3,3.21,109277.28,0,0,1,1000,128
683,2,2,4,3,2.5,37242.72,0,1,4,0,256
684,6,5,8,3,1.19,79866.72,1,1,2,0,512
685,5,4,16,3,3.49,149916.6,0,0,2,1000,256
686,2,2,4,3,1.86,32639.8608,0,0,1,500,0
687,5,2,4,3,2.2,29073.297599999994,0,0,4,1000,0
688,2,2,6,3,2.65,30316.32,0,1,3,2000,0
689,6,2,4,3,2.1,16943.04,0,0,5,500,0
690,3,2,4,8,1.45,19980.0,0,0,5,0,0
691,6,2,4,3,1.7,37242.72,0,0,1,0,256
692,2,6,8,3,3.14,101657.7072,0,0,2,500,0
693,6,5,8,3,1.42,137995.19999999998,1,0,2,0,256
694,10,2,8,3,1.5,51841.44,0,1,1,0,256
695,3,3,4,3,1.4,14332.32,0,0,5,0,0
696,6,5,16,3,1.38,93186.72,1,0,2,0,512
697,4,5,4,8,1.2,35644.32,1,0,5,0,0
698,10,1,16,3,1.36,100006.56,1,0,2,0,512
699,2,2,4,3,2.1,36709.92,0,1,2,500,0
700,5,4,8,3,2.56,43636.32,0,0,1,1000,0
701,6,2,4,3,2.2,21258.72,0,0,3,0,256
702,6,2,8,3,2.2,22857.12,0,0,3,1000,0
703,6,2,4,3,2.1,33110.856,0,0,1,2000,0
704,6,2,4,2,1.9,23976.0,0,0,4,500,0
705,5,2,8,3,2.18,42357.6,0,0,1,0,256
706,3,5,8,3,1.6,53226.72,1,1,1,0,256
707,6,6,16,9,2.18,98834.4,0,0,2,0,512
708,6,2,8,3,1.8,63456.48,0,0,1,0,256
709,2,2,6,3,2.71,34898.932799999995,0,1,3,2000,0
710,6,4,8,3,2.5,66546.72,0,1,2,1000,128
711,5,2,8,5,1.64,58021.92,0,0,1,0,256
712,5,2,8,5,1.98,38681.28,0,0,1,1000,0
713,4,2,4,3,1.5,15877.44,0,0,5,0,0
714,5,2,16,3,1.93,76012.44480000001,0,0,1,0,512
715,6,2,8,3,1.87,45664.6896,0,1,1,0,256
716,5,2,8,3,1.9,62817.12,0,0,1,0,256
717,6,2,4,3,2.19,15877.44,0,0,3,500,0
718,15,2,4,3,1.4,14119.2,0,1,5,32,0
719,2,2,8,3,2.63,63936.0,0,0,2,0,256
720,6,1,8,3,1.17,89864.1792,0,1,2,0,512
721,2,5,8,3,1.58,44574.048,1,1,1,0,256
722,6,1,8,3,1.32,79866.72,0,1,1,0,256
723,5,4,32,3,4.36,194972.832,0,0,2,1000,1000
724,8,4,8,3,2.7,71847.0144,0,0,2,1000,128
725,6,2,4,2,1.9,26101.872,0,0,1,1000,0
726,5,2,8,3,2.2,38308.32,0,0,1,1000,128
727,5,5,4,3,1.71,34578.72,1,0,4,1000,0
728,5,2,8,5,2.32,31409.6256,0,0,1,1000,0
729,2,2,4,3,2.1,26053.92,0,0,3,1000,0
730,3,4,16,3,4.2,103096.8,0,1,2,1000,128
731,5,2,12,3,2.25,34578.72,0,0,1,1000,0
732,2,2,6,3,2.1,34632.0,0,0,3,1000,128
733,3,2,4,3,2.4,29783.52,0,0,1,500,0
734,6,2,8,3,1.44,51148.8,0,1,1,0,256
735,6,2,4,3,1.85,41505.12,0,0,2,1000,0
736,2,6,16,3,2.6,128884.32,0,0,2,0,256
737,5,5,8,3,1.55,35111.52,1,0,1,1000,0
738,8,4,16,3,1.8,111593.8944,0,0,2,1000,256
739,3,2,4,3,2.4,21887.424,0,0,4,500,0
740,5,2,8,3,2.0,64308.96,0,0,2,1000,128
741,5,2,8,3,2.0,35431.2,0,0,4,0,256
742,10,2,8,3,1.25,81784.8,1,1,1,0,256
743,6,5,8,3,1.7,53226.72,1,0,1,0,256
744,6,6,16,3,2.5,175770.72,0,1,2,0,1000
745,3,2,2,8,1.68,17582.399999999998,0,0,5,0,0
746,16,1,16,3,0.81,87858.72,0,0,2,0,256
747,2,2,8,3,1.86,28717.92,0,0,4,0,256
748,5,2,8,3,1.6,60031.1088,0,0,1,0,256
749,2,6,16,9,3.0,233845.92,0,1,5,0,256
750,6,3,4,3,1.4,25308.0,1,0,5,0,128
751,2,2,8,3,1.84,101232.0,0,0,1,0,256
752,4,2,4,2,2.45,30849.12,0,0,1,1000,0
753,6,1,4,3,1.7,58394.88,0,0,1,0,180
754,4,2,4,3,2.37,45282.672,0,0,2,0,256
755,6,5,8,3,1.3,63882.72,1,1,1,0,256
756,2,2,8,3,2.2,58554.72,0,1,1,1000,128
757,2,6,8,9,2.59,83170.08,0,0,2,0,256
758,5,4,16,3,4.42,152859.7872,0,1,2,1000,256
759,3,2,4,3,2.1,31914.72,0,0,1,0,256
760,6,4,8,3,2.5,55837.44,0,1,2,1000,128
761,5,1,16,3,1.18,99047.52,0,0,2,0,256
762,17,1,8,8,1.1,83063.52,1,0,1,0,256
763,4,1,8,3,1.2,60153.12,0,1,1,0,256
764,5,2,4,3,1.65,45234.72,0,0,4,500,0
765,3,2,4,3,1.6,34898.4,0,0,1,0,128
766,4,2,4,3,2.8,25059.715199999995,0,0,5,1000,0
767,5,4,16,3,2.72,58554.72,1,1,2,1000,128
768,16,1,8,3,1.31,85194.72,1,0,2,0,256
769,3,2,4,5,2.1,15877.44,0,0,5,1000,0
770,5,2,16,3,2.3,62938.0656,0,0,2,0,256
771,16,5,16,3,1.71,95850.72,1,0,2,0,256
772,10,2,4,3,1.75,54345.6,0,1,1,0,128
773,5,4,8,3,2.62,58554.72,0,0,2,1000,0
774,2,1,4,3,1.26,66280.31999999999,0,0,1,0,256
775,4,5,12,3,2.3,44701.92,1,0,2,2000,0
776,6,2,16,9,2.5,126273.6,0,0,2,0,512
777,3,2,4,3,1.8,33886.08,0,1,4,0,128
778,14,4,16,3,1.95,154458.72,0,0,2,0,512
779,4,2,8,3,2.0,31003.632,0,0,5,0,128
780,5,4,32,3,4.42,191211.264,0,1,2,1000,1000
781,4,4,16,3,4.3,125208.0,0,1,2,1000,256
782,10,1,16,3,1.47,93985.92,0,1,2,0,512
783,6,2,8,2,2.2,17529.12,0,0,5,1000,0
784,6,1,16,3,1.7,122490.72,0,0,2,0,512
785,8,4,16,3,1.6,100752.48,0,1,2,1000,256
786,8,4,8,3,2.2,58021.92,0,0,1,1000,128
787,6,4,4,3,2.4,53226.72,0,1,2,1000,0
788,3,4,16,3,4.2,122490.72,0,1,2,1000,256
789,5,4,8,3,2.62,52480.8,0,0,1,0,256
790,4,4,8,3,2.24,71341.92,0,0,2,1000,128
791,13,2,4,3,1.22,10810.512,0,0,5,0,0
792,6,5,8,3,1.37,104961.6,1,1,2,0,512
793,6,5,8,3,2.08,51095.52,1,0,1,0,256
794,1,1,8,4,0.92,62071.2,0,1,5,0,0
795,6,5,8,3,1.42,124142.4,1,1,1,0,256
796,4,2,4,3,1.63,15930.72,0,0,5,0,0
797,5,2,8,3,1.95,43156.8,0,0,1,0,128
798,6,5,8,3,1.38,71874.72,1,1,2,0,256
799,5,2,8,3,2.0,39373.92,0,0,4,0,256
800,2,6,8,3,3.14,110017.872,0,0,2,0,256
801,4,2,8,3,2.37,58554.72,0,0,1,0,256
802,5,1,8,3,1.29,79866.72,0,0,1,0,256
803,5,2,8,3,2.06,93186.72,1,0,1,0,256
804,5,3,4,3,1.63,39640.32,0,0,5,0,128
805,2,3,8,3,1.26,74005.92,0,0,1,0,256
806,10,2,4,3,2.1,41558.4,0,0,1,500,0
807,2,2,8,3,2.04,33513.119999999995,0,0,3,2000,0
808,5,4,16,3,2.62,89457.12,0,0,2,0,512
809,6,2,4,3,2.4,32447.52,0,0,1,1000,0
810,2,4,12,3,3.74,93186.72,0,1,2,1000,0
811,8,4,16,3,2.9,128671.2,0,0,2,1000,512
812,16,1,8,3,0.81,79866.72,0,0,1,0,256
813,5,2,8,3,1.98,51202.08,0,0,2,1000,0
814,5,2,8,3,2.18,42081.0768,0,0,1,0,256
815,6,1,8,3,1.32,99047.52,0,0,2,0,256
816,14,1,16,3,1.29,95850.72,1,1,2,0,512
817,2,3,4,8,1.23,20512.8,0,0,5,0,0
818,5,4,16,3,4.36,133467.4656,0,1,2,1000,128
819,5,2,4,3,1.76,40226.4,0,0,1,500,0
820,6,2,4,3,2.1,26101.872,0,0,4,500,0
821,10,1,4,3,1.25,58075.2,0,0,1,0,128
822,6,1,8,3,1.13,133146.72,0,1,2,0,512
823,8,4,8,3,2.4,63882.72,0,0,1,0,256
824,6,1,8,3,1.13,99900.0,0,1,1,0,0
825,10,2,4,3,1.75,26586.72,0,0,5,0,128
826,4,5,8,3,1.1,72354.23999999999,1,0,1,0,256
827,5,2,4,3,1.76,31168.8,0,0,4,500,0
828,3,3,4,8,1.35,18914.4,0,1,5,0,0
829,3,2,8,3,1.5,32980.32,0,1,4,0,128
830,14,4,32,3,3.49,292986.72,1,0,2,0,512
831,6,1,16,3,1.1,111834.72,0,1,2,0,512
832,4,2,4,5,2.1,27652.32,0,0,1,1000,0
833,6,2,8,3,1.7,63190.08,0,0,1,0,256
834,6,2,8,3,1.32,87912.0,0,1,1,0,256
835,5,4,16,3,3.21,147832.28639999998,0,0,2,1000,256
836,4,4,16,3,2.9,128884.32,0,0,2,1000,256
837,10,2,4,3,2.0,35644.32,0,0,4,500,0
838,6,2,4,8,1.5,17316.0,0,0,5,0,0
839,4,2,8,3,2.3,31435.2,0,0,1,128,0
840,4,4,16,3,2.73,95850.72,0,0,2,1000,512
841,5,4,32,3,4.42,163723.57919999998,0,1,2,1000,512
842,2,2,8,3,2.63,48484.8,0,0,1,1000,0
843,5,2,8,3,2.18,38041.3872,0,0,1,0,128
844,2,1,8,9,1.54,99633.6,0,0,2,0,512
845,5,2,4,3,2.18,39373.92,0,0,2,0,256
846,2,5,4,8,1.4,32767.2,1,0,5,0,0
847,4,1,8,3,1.45,54665.28,0,1,1,0,512
848,2,5,8,3,1.28,121318.56,1,0,1,0,256
849,2,1,8,3,1.54,78215.04,0,0,2,0,512
850,2,2,4,2,1.86,15930.72,0,0,5,0,128
851,4,4,16,3,2.1,101178.72,0,0,2,1000,128
852,5,2,8,5,2.83,46087.2,0,0,2,1000,0
853,6,1,8,3,1.96,101391.84,0,1,2,0,256
854,4,2,8,3,2.3,41931.36,0,1,2,0,256
855,5,2,8,3,1.9,50349.6,0,0,1,0,128
856,4,2,4,3,2.0,23922.72,0,0,5,1000,0
857,2,5,8,3,1.28,136343.52,1,0,2,0,256
858,5,2,8,3,1.62,34578.72,1,0,1,1000,0
859,6,2,4,2,2.2,24988.32,0,0,4,1000,0
860,6,2,8,3,2.3,45323.1648,0,1,1,1000,0
861,2,2,8,3,1.84,71874.72,0,0,1,0,256
862,10,2,4,3,1.05,68464.8,0,0,1,0,128
863,6,4,8,2,2.5,54185.76,0,1,1,1000,0
864,5,1,16,3,1.29,119347.2,1,0,2,0,512
865,2,2,4,3,2.07,48484.8,0,0,1,500,0
866,10,1,8,3,1.2,58341.6,0,0,1,0,256
867,6,5,8,3,1.37,103896.0,1,1,2,0,256
868,3,2,8,3,1.56,48058.56,0,1,1,0,256
869,5,6,8,3,2.23,94731.84,0,0,2,1000,0
870,6,2,4,3,2.38,56210.4,0,0,1,500,0
871,6,2,4,2,2.2,25521.12,0,0,4,1000,0
872,10,2,8,3,2.0,73952.64,0,1,2,0,256
873,6,2,4,3,1.44,39160.8,0,1,4,0,180
874,16,1,16,3,1.23,98514.72,0,0,2,0,256
875,5,1,8,3,1.6,90043.2,0,0,2,0,256
876,4,2,4,5,2.0,21258.1872,0,0,5,1000,0
877,12,1,8,3,1.28,49816.8,0,1,1,0,256
878,5,2,4,3,2.18,48618.0,0,0,1,1000,128
879,2,2,4,3,2.04,44701.92,0,0,1,0,256
880,2,5,4,3,1.28,90576.0,1,0,1,0,256
881,2,5,4,3,2.3,36486.14399999999,1,0,1,500,0
882,4,2,4,3,1.65,18541.44,0,0,5,0,0
883,6,2,8,3,2.2,35644.32,0,1,2,1000,0
884,5,2,4,3,2.2,19660.32,0,0,5,500,0
885,2,5,4,3,1.28,95850.72,1,0,1,0,256
886,5,2,4,5,2.18,24279.696,0,0,4,1000,0
887,4,4,12,3,2.2,72988.272,0,0,1,1000,128
888,3,3,4,8,1.25,15824.16,0,1,5,0,0
889,6,2,4,3,2.8,20193.12,0,0,3,500,0
890,2,2,4,3,1.95,67399.2,0,0,1,0,128
891,2,5,16,3,1.42,74538.72,1,0,2,0,256
892,16,1,8,3,1.17,90522.72,0,0,2,0,256
893,6,1,8,3,1.32,95850.72,0,1,1,0,256
894,8,4,16,3,2.43,141138.72,0,1,2,2000,512
895,10,2,8,3,1.05,78588.0,0,0,1,0,256
896,5,4,8,5,2.62,49497.12,0,0,2,1000,0
897,2,2,8,3,2.04,47952.0,0,0,2,1000,0
898,5,2,4,3,2.18,32713.92,0,0,4,1000,0
899,5,2,8,3,1.9,49816.8,0,0,1,500,0
900,5,5,8,3,1.24,107257.968,1,0,2,0,512
901,4,4,32,3,3.58,68145.12,0,1,2,0,512
902,5,5,16,3,1.22,87858.72,1,0,2,0,256
903,6,1,8,3,1.13,109170.72,0,1,2,0,0
904,6,2,8,3,1.95,104588.1072,0,1,1,0,512
905,19,1,16,3,1.08,111834.72,1,1,2,0,512
906,2,3,8,3,1.26,79014.23999999999,0,0,2,0,512
907,3,2,4,8,2.2,19127.52,0,1,5,0,0
908,6,2,8,3,2.6,42037.92,0,1,1,1000,128
909,19,1,8,3,0.98,101178.72,1,1,2,0,512
910,5,2,8,3,1.6,64202.4,0,0,1,0,256
911,2,1,8,3,1.09,165168.0,1,0,5,0,240
912,6,2,6,3,2.2,42037.92,0,0,2,0,256
913,2,2,8,3,2.04,54291.78719999999,0,0,2,0,256
914,3,2,4,3,2.4,26586.72,0,0,4,1000,0
915,6,2,4,3,1.44,46939.68,0,0,1,0,128
916,2,2,8,3,1.49,51148.8,0,0,1,0,256
917,8,4,16,3,2.7,85194.72,0,0,2,1000,256
918,5,4,16,3,2.6,71874.72,0,0,2,1000,128
919,8,4,8,3,2.2,59668.804800000005,0,0,1,1000,128
920,5,2,4,3,2.18,36496.2672,0,0,1,1000,0
921,2,1,8,3,1.84,69103.62719999999,0,0,2,0,256
922,2,1,8,3,1.39,61218.72,1,0,2,0,256
923,10,2,16,3,2.4,105228.0,0,1,2,0,256
924,6,5,8,3,1.37,97236.0,1,1,1,0,512
925,5,2,4,3,1.95,38889.072,0,0,1,500,0
926,6,1,8,3,1.36,87912.0,0,1,2,0,256
927,2,2,8,3,2.31,62071.2,0,0,1,0,256
928,5,2,4,3,2.18,37725.4368,0,0,1,1000,0
929,2,2,4,3,1.95,61218.72,0,0,1,500,0
930,6,2,4,3,2.2,16463.52,0,0,5,1000,0
931,2,1,4,3,1.26,84129.12,0,0,1,500,0
932,2,2,4,2,1.86,15392.592,0,0,5,1000,0
933,6,5,16,3,1.3,95850.72,1,1,2,0,1000
934,10,2,4,3,1.47,58874.4,0,1,1,0,128
935,2,3,8,3,1.26,88924.31999999999,0,0,1,0,256
936,5,2,4,3,2.18,29762.208,0,0,4,1000,0
937,8,4,8,3,2.2,63882.72,0,0,2,1000,128
938,5,1,8,3,1.36,87325.92,0,0,1,0,256
939,5,4,16,3,4.36,146946.24,0,0,2,1000,512
940,2,4,8,3,2.75,74538.72,0,1,1,1000,128
941,4,2,4,3,2.8,28238.4,0,0,5,1000,0
942,3,2,4,3,2.23,32980.32,0,0,1,500,0
943,10,2,8,3,2.2,59620.32,0,0,1,0,256
944,6,5,8,3,1.1,69210.72,1,1,5,0,256
945,6,4,16,3,2.5,53226.72,0,1,3,1000,512
946,5,1,8,3,1.36,78438.816,1,0,1,0,256
947,6,2,8,2,2.2,36496.8,0,0,2,1000,0
948,5,2,4,3,2.36,35111.52,0,0,4,1000,0
949,3,2,4,8,1.68,18594.72,0,0,5,0,0
950,2,6,8,3,2.0,119826.72,0,1,2,0,8
951,5,1,8,3,1.36,94572.0,0,0,2,0,256
952,10,2,8,9,1.2,77788.8,0,0,1,0,256
953,4,5,8,8,1.2,61751.52,0,0,5,0,0
954,6,1,8,3,1.7,79333.3872,0,1,2,0,256
955,5,4,16,3,4.36,168045.12,0,1,2,1000,512
956,5,5,8,3,1.24,101178.72,1,0,1,0,256
957,2,5,4,3,1.45,41292.0,1,0,5,0,256
958,5,1,8,3,1.3,67559.04,0,0,2,0,256
959,3,5,4,8,1.25,20725.92,1,1,5,0,0
960,10,2,8,3,1.2,81784.8,0,0,1,0,256
961,6,1,8,3,1.36,93772.8,0,1,1,0,256
962,3,2,12,3,2.4,53759.52,0,0,1,1000,128
963,10,1,8,3,1.1,95371.2,1,0,2,0,512
964,2,2,8,3,2.04,45101.52,0,0,1,1000,0
965,5,2,4,5,2.25,24808.2336,0,0,4,1000,0
966,5,2,4,3,1.9,43956.0,0,0,1,500,0
967,2,2,4,3,2.04,36496.8,0,0,4,500,0
968,5,4,32,3,4.42,167778.72,0,1,2,1000,256
969,6,2,6,3,2.4,37029.6,0,0,1,0,256
970,5,5,16,3,1.22,101178.72,1,0,2,0,512
971,5,1,8,3,1.5,104587.57439999998,1,0,2,0,256
972,5,4,32,3,4.42,149184.0,0,0,2,1000,256
973,10,2,8,3,1.95,62870.4,0,0,1,0,256
974,4,4,16,3,2.73,109218.672,0,0,2,1000,256
975,2,2,8,3,2.04,52161.12,0,1,1,1000,128
976,6,2,4,9,1.7,53386.56,0,0,1,0,0
977,4,5,16,3,2.3,95850.72,1,0,2,2000,512
978,2,2,6,3,2.04,30849.12,0,0,2,1000,0
979,4,4,16,3,2.99,93186.72,0,0,2,1000,256
980,5,5,12,3,2.19,69210.72,1,1,2,0,512
981,10,2,4,9,1.2,63669.6,0,0,1,0,128
982,6,2,6,3,2.2,29250.72,0,0,3,0,256
983,18,2,4,3,2.3,34578.72,0,0,1,0,256
984,10,2,4,3,1.75,48751.2,0,0,1,500,0
985,5,2,4,3,2.25,31914.72,0,0,1,500,0
986,2,2,8,3,2.04,42943.68,0,0,1,1000,0
987,6,4,8,3,2.5,63349.92,0,1,2,1000,128
988,5,2,8,3,2.36,39906.72,0,0,2,1000,0
989,5,2,8,3,1.6,59620.32,0,0,1,0,128
990,2,3,8,3,0.97,101658.24,0,0,5,0,512
991,2,2,4,3,2.1,26586.72,0,0,4,1000,128
992,6,2,4,2,1.9,14418.6336,0,0,5,0,128
993,6,2,8,3,2.3,71874.72,0,0,1,0,256
994,5,5,8,3,1.68,47365.92,1,0,1,0,256
995,4,2,8,3,1.4,61272.0,0,0,1,0,256
996,2,1,8,3,1.11,71874.72,1,1,2,0,256
997,3,2,4,3,2.4,20246.4,0,0,5,500,0
998,4,4,16,3,2.5,95850.72,0,0,2,1000,256
999,2,1,8,3,1.48,111301.92,0,0,2,0,512
1000,3,4,8,3,2.7,67132.8,0,1,2,1000,128
1001,2,2,8,3,1.34,63349.92,0,1,1,0,256
1002,5,2,4,3,2.18,29144.16,0,0,4,0,128
1003,2,2,4,3,1.64,41505.12,0,0,1,500,0
1004,10,2,4,3,1.2,63669.6,0,0,1,0,128
1005,2,2,4,3,1.48,58607.46719999999,0,0,1,0,256
1006,2,2,4,3,1.95,64202.4,0,0,1,0,256
1007,2,1,8,9,1.43,77202.72,0,0,2,0,256
1008,2,2,8,3,1.64,55904.5728,0,0,1,0,256
1009,2,2,4,3,1.64,36443.52,0,0,4,500,0
1010,5,4,8,3,2.65,50562.72,0,0,1,0,0
1011,2,1,4,3,1.26,81997.92,0,0,1,500,0
1012,2,2,4,3,1.48,84715.2,0,0,1,0,256
1013,2,1,8,3,1.54,100550.5488,0,0,2,0,256
1014,2,2,4,3,1.49,42624.0,0,0,4,500,0
1015,10,2,8,3,1.5,64468.8,0,0,1,0,256
1016,2,2,4,3,2.04,41025.0672,0,0,4,0,256
1017,6,2,16,9,2.4,158135.04,0,1,2,0,512
1018,10,2,8,3,1.47,79387.2,0,1,1,0,256
1019,2,2,8,3,1.43,118761.12,0,0,2,0,256
1020,5,5,4,3,2.08,42410.3472,1,1,4,1000,0
1021,10,1,8,3,1.2,84715.2,0,0,1,0,256
1022,2,2,8,3,1.11,61218.72,0,1,1,0,256
1023,2,2,8,3,1.64,63159.7104,0,0,2,0,256
1024,5,2,8,3,2.09,55754.3232,0,0,1,500,0
1025,2,1,4,3,1.26,83063.52,0,0,1,0,256
1026,2,2,4,3,2.31,63349.92,0,0,1,500,0
1027,2,2,4,3,1.95,56476.8,0,0,1,500,0
1028,5,1,8,3,1.29,86526.72,1,0,1,0,256
1029,2,2,8,3,2.63,57542.4,0,0,1,0,256
1030,2,2,4,3,1.64,51841.44,0,0,1,0,256
1031,3,2,6,3,2.1,21791.52,0,0,3,1000,0
1032,8,4,8,3,2.7,63499.10399999999,0,0,2,1000,128
1033,2,2,8,9,1.95,63669.6,0,0,1,0,256
1034,2,2,8,3,1.84,65480.5872,0,0,2,0,256
1035,2,1,8,3,1.26,71874.72,0,0,2,0,256
1036,2,2,4,3,2.04,39533.76,0,0,1,500,0
1037,10,1,8,3,1.47,91908.0,0,1,2,0,256
1038,5,2,8,9,2.09,56633.976,0,0,1,0,256
1039,2,2,8,3,1.64,53839.9728,0,0,1,0,256
1040,6,5,4,3,1.8,45128.16,1,1,2,0,256
1041,13,2,2,3,1.45,11231.424,0,0,5,0,0
1042,10,2,16,3,2.4,75924.0,0,1,2,0,256
1043,6,2,8,3,2.3,55922.688,0,0,1,0,256
1044,2,2,4,3,1.54,53280.0,0,0,1,500,0
1045,2,2,8,3,1.84,112065.9552,0,0,1,500,256
1046,2,2,8,9,1.43,78268.31999999999,0,0,1,0,256
1047,8,4,16,3,3.78,82351.6992,0,1,2,1000,256
1048,6,4,16,3,4.6,122010.66719999998,0,1,2,1000,128
1049,4,3,4,8,1.2,15339.311999999998,0,0,5,0,0
1050,6,2,16,9,1.1,139593.6,0,1,2,0,256
1051,2,2,8,3,1.91,52161.12,0,1,2,1000,0
1052,5,5,8,3,2.3,58288.32,1,1,1,0,256
1053,2,2,4,3,2.04,52161.12,0,0,1,0,256
1054,5,1,16,3,1.2,120093.12,1,0,2,0,1000
1055,2,2,4,3,2.31,37570.392,0,0,4,500,0
1056,2,2,4,2,1.96,26586.72,0,0,1,500,0
1057,3,2,8,3,2.4,23922.72,0,0,3,1000,0
1058,5,5,12,3,1.6,69210.72,1,1,2,0,256
1059,8,4,16,3,2.94,96916.32,0,0,2,1000,256
1060,2,2,8,3,2.04,57009.6,0,0,2,0,256
1061,4,4,16,2,4.0,53173.44,0,1,2,1000,0
1062,5,2,4,3,2.25,29783.52,0,0,1,1000,0
1063,5,2,16,3,2.32,52746.6672,0,0,2,2000,0
1064,8,4,16,3,1.8,102777.12,0,0,2,1000,256
1065,5,1,8,3,1.29,77682.23999999999,0,0,2,0,256
1066,4,4,64,3,3.58,211788.0,0,1,2,0,1000
1067,5,5,8,3,1.62,42517.9728,1,0,2,0,256
1068,5,4,16,3,3.21,70809.12,0,0,2,1000,256
1069,1,1,8,4,0.92,69264.0,0,1,5,0,0
1070,5,2,4,3,2.06,25679.8944,0,0,4,500,0
1071,2,2,4,3,2.31,63882.72,0,0,1,500,0
1072,2,1,8,9,1.26,63882.72,0,0,1,0,256
1073,2,2,8,3,1.49,58075.2,0,0,2,0,256
1074,6,1,8,3,1.3,91294.7472,1,1,2,0,256
1075,6,2,8,3,3.0,35111.52,0,0,1,1000,0
1076,6,2,4,3,2.3,52054.56,0,1,1,1000,0
1077,8,4,16,3,3.78,133146.72,0,0,2,1000,256
1078,6,2,4,3,2.1,28771.2,0,0,1,500,0
1079,2,2,4,9,2.31,50083.2,0,0,1,500,0
1080,6,1,8,3,0.99,74538.72,1,1,5,0,512
1081,6,4,32,3,4.6,172627.19999999998,0,1,2,0,512
1082,6,5,4,3,0.69,34433.2656,1,1,5,0,0
1083,2,1,16,3,1.3,109170.72,0,1,2,0,512
1084,5,2,8,3,2.18,39960.0,0,0,1,0,256
1085,2,2,4,9,1.54,54931.14719999999,0,0,1,500,0
1086,2,6,8,9,1.9,79653.59999999999,0,0,2,0,256
1087,6,2,8,9,1.7,63882.72,0,0,1,0,180
1088,2,2,4,8,1.29,32767.2,0,0,5,0,0
1089,3,2,4,3,2.4,20619.36,0,0,3,500,0
1090,5,2,4,5,2.2,20965.1472,0,0,5,500,0
1091,2,2,4,2,1.86,18434.3472,0,0,4,1000,0
1092,4,4,8,3,2.7,85194.72,0,1,2,1000,256
1093,5,1,4,3,1.4,43601.688,0,1,1,0,256
1094,2,3,4,9,2.4,85194.72,0,0,1,0,128
1095,3,2,8,3,2.4,42570.72,0,0,1,1000,256
1096,5,2,8,3,2.36,34035.264,0,0,1,1000,0
1097,8,4,8,3,2.6,85194.72,0,0,2,0,256
1098,2,2,4,3,1.96,26640.0,0,0,5,1000,0
1099,4,4,16,3,4.3,122490.72,0,1,2,1000,128
1100,5,1,4,9,1.5,60480.792,0,0,4,500,0
1101,5,1,4,9,1.5,62176.1616,0,0,4,0,128
1102,3,2,4,8,2.2,11135.52,0,0,5,0,16
1103,2,6,8,9,3.0,154458.72,0,1,2,1000,0
1104,6,4,16,3,2.4,63882.72,0,0,2,0,512
1105,5,1,8,9,1.5,75289.968,0,0,1,0,256
1106,8,4,8,3,2.9,80516.20319999999,0,0,2,1000,128
1107,6,5,4,3,2.1,46193.76,1,1,1,0,256
1108,2,2,4,3,2.1,21205.44,0,0,3,1000,0
1109,4,4,16,3,2.59,71341.92,0,1,2,1000,128
1110,2,2,8,3,1.16,90522.72,1,0,5,0,256
1111,5,2,4,9,2.24,40980.312,0,0,1,500,0
1112,6,2,4,3,2.1,22857.12,0,0,4,0,128
1113,2,1,8,3,1.16,104908.32,0,0,2,0,512
1114,6,5,4,6,0.69,29250.72,1,1,5,0,0
1115,5,1,8,3,1.23,73473.12,0,0,2,0,256
1116,6,4,16,3,4.6,146519.46719999998,0,1,2,0,256
1117,14,1,8,3,1.25,54825.12,1,0,2,0,256
1118,10,1,16,3,1.05,118601.28,0,0,2,0,512
1119,4,4,8,3,3.52,69929.4672,0,0,2,1000,128
1120,13,2,4,3,1.35,10442.88,0,0,5,0,0
1121,2,2,8,3,1.16,90043.2,0,0,1,0,256
1122,2,2,8,9,1.43,80612.64,0,0,1,0,256
1123,5,2,4,5,2.09,27899.0064,0,0,1,500,0
1124,4,2,4,3,2.0,23176.8,0,0,4,1000,0
1125,6,5,8,3,1.8,88924.31999999999,1,1,2,0,256
1126,6,5,4,3,0.69,25521.12,1,1,5,0,0
1127,2,1,8,9,1.26,100965.6,0,0,1,0,256
1128,6,4,8,2,2.4,52693.92,0,1,1,1000,128
1129,2,4,8,3,3.35,60153.12,0,1,1,1000,128
1130,2,2,8,3,2.04,33513.119999999995,0,0,2,2000,0
1131,6,5,8,9,1.8,109244.2464,1,1,2,0,512
1132,4,2,4,3,1.5,14811.84,0,0,5,0,0
1133,2,1,8,3,1.84,40066.56,0,0,2,0,256
1134,3,2,4,3,2.23,32820.48,0,0,1,1000,0
1135,6,2,16,3,2.5,58554.72,0,0,2,0,0
1136,2,6,8,9,3.0,210424.032,0,1,2,0,256
1137,5,2,8,3,2.5,41771.52,0,0,1,1000,0
1138,8,4,16,3,3.78,127818.72,0,0,2,1000,256
1139,2,1,8,9,1.88,115709.2416,0,0,2,0,256
1140,6,5,16,3,2.8,130003.2,1,1,2,0,512
1141,8,4,8,3,2.4,60888.384,0,0,2,1000,128
1142,2,5,8,3,1.48,86793.12,1,0,1,0,256
1143,2,6,8,9,2.59,118761.12,0,1,2,0,256
1144,2,5,8,3,1.48,95850.72,1,0,2,0,256
1145,2,6,8,9,2.0,101178.72,0,0,2,0,256
1146,2,1,8,9,1.26,122381.49599999998,0,0,2,0,256
1147,5,2,8,3,2.18,53807.472,0,0,2,0,256
1148,2,2,8,9,1.88,84129.12,0,0,1,0,256
1149,6,5,8,3,1.27,124621.92,1,1,2,0,256
1150,6,2,4,2,1.9,18061.92,0,0,4,1000,0
1151,2,2,4,3,1.86,15824.16,0,0,3,500,0
1152,6,2,8,2,2.32,31914.72,0,0,1,1000,0
1153,5,4,8,3,2.62,63882.72,0,0,2,1000,0
1154,5,2,8,3,2.04,119916.2304,1,1,1,0,256
1155,2,2,4,3,1.91,25515.2592,0,0,3,0,256
1156,8,4,16,3,2.7,79536.38399999999,0,0,2,1000,256
1157,6,1,12,9,1.4,122490.72,0,0,2,0,512
1158,6,2,8,3,2.5,42010.7472,0,0,1,0,0
1159,2,5,8,3,1.48,108744.48,1,0,2,0,512
1160,6,1,8,9,1.7,79866.72,0,0,2,0,256
1161,8,4,16,3,1.7,94252.32,0,0,2,1000,256
1162,2,4,8,3,2.62,47898.72,0,1,2,1000,0
1163,6,2,8,3,2.2,24455.52,0,0,4,1000,0
1164,2,2,4,2,2.1,25414.0272,0,0,1,500,0
1165,5,4,8,3,2.62,79813.44,0,0,2,1000,128
1166,6,2,8,3,1.95,74059.2,0,1,1,0,256
1167,6,2,4,3,2.2,24935.04,0,0,4,1000,0
1168,2,2,2,3,1.44,13266.72,0,0,5,0,0
1169,8,4,8,3,2.2,44701.92,0,1,2,1000,0
1170,2,2,8,3,1.96,36177.12,0,0,2,0,256
1171,2,2,16,3,2.1,61751.52,0,0,2,0,512
1172,4,2,4,3,2.2,19660.32,0,0,5,500,0
1173,6,2,4,2,2.1,21205.44,0,0,1,500,0
1174,6,2,8,2,2.2,37775.52,0,0,2,1000,0
1175,4,2,4,3,2.0,40972.32,0,0,4,0,256
1176,6,2,4,9,2.32,43956.0,0,0,2,0,0
1177,6,4,16,3,3.31,69530.4,0,1,2,0,512
1178,8,4,16,3,1.91,114731.5536,0,0,2,1000,128
1179,2,2,4,3,2.07,34632.0,0,0,4,500,0
1180,6,5,8,3,1.36,87219.36,1,1,1,0,256
1181,6,1,6,3,1.54,44275.68,0,0,2,0,256
1182,5,2,8,5,1.98,47686.1328,0,0,2,0,256
1183,3,2,4,3,2.1,17742.239999999998,0,0,5,500,0
1184,2,2,6,3,2.18,42570.72,0,1,2,1000,0
1185,4,4,8,3,2.591,48431.52,0,1,2,1000,256
1186,5,5,16,3,2.09,62817.12,1,0,2,0,512
1187,3,2,4,3,2.23,36816.48,0,0,1,0,256
1188,5,1,8,5,1.23,58554.72,1,0,1,0,256
1189,3,4,16,3,4.2,138474.72,0,1,2,1000,256
1190,6,4,8,3,2.4,43636.32,0,1,1,1000,0
1191,16,5,4,8,1.15,35111.52,1,1,3,0,0
1192,2,2,4,3,1.86,25840.8,0,0,1,500,0
1193,1,1,8,4,0.92,61964.64,0,1,5,0,0
1194,5,5,8,3,1.6,63882.72,1,1,1,0,256
1195,2,2,12,3,2.21,70702.56,0,1,2,1000,128
1196,6,2,4,2,1.9,19607.04,0,0,4,1000,0
1197,4,4,16,3,4.3,114552.0,0,1,2,1000,512
1198,3,2,4,5,2.1,14492.16,0,0,5,1000,0
1199,8,4,16,3,2.43,109165.392,0,0,2,1000,256
1200,5,2,4,3,2.3,26586.72,0,0,4,0,128
1201,6,2,8,2,2.2,33513.119999999995,0,0,2,500,0
1202,5,5,16,3,2.0,68464.8,1,0,2,0,512
1203,5,1,16,3,1.2,142790.4,1,0,2,0,512
1204,4,4,8,3,2.2,62284.32,0,0,2,1000,0
1205,5,2,8,3,2.36,47365.92,0,0,1,0,256
1206,2,2,8,3,1.91,30849.12,0,0,1,0,256
1207,6,2,4,3,2.2,15930.72,0,0,3,500,0
1208,3,2,8,3,3.3,33513.119999999995,0,0,4,1000,0
1209,4,4,16,3,2.2,130482.72,0,0,2,1000,256
1210,1,1,8,4,0.92,68145.12,0,1,5,0,0
1211,4,2,16,3,2.2,93186.72,0,0,2,1000,128
1212,8,4,16,3,2.43,103842.1872,0,1,2,1000,256
1213,5,5,8,3,2.191,53226.72,1,1,1,0,256
1214,4,4,16,3,2.9,103842.72,0,0,2,1000,256
1215,3,3,2,8,1.3,9270.72,0,0,5,0,32
1216,3,2,4,3,3.3,31861.44,0,0,4,1000,0
1217,6,2,8,2,2.8,28717.92,0,0,1,1000,0
1218,6,4,8,3,2.6,67772.16,0,1,2,1000,128
1219,3,5,8,3,1.2,61218.72,1,1,2,0,256
1220,6,2,8,3,2.3,81465.12,0,1,2,0,256
1221,8,4,8,3,2.2,78647.1408,0,0,2,1000,128
1222,2,2,6,3,2.1,28185.12,0,0,3,1000,0
1223,5,1,8,9,1.26,91288.3536,1,0,1,0,256
1224,5,5,4,3,2.08,27119.52,1,0,4,500,0
1225,4,2,4,3,2.65,16463.52,0,0,5,1000,0
1226,5,1,8,3,1.29,78694.56,1,0,2,0,256
1227,5,2,4,5,2.18,27804.7008,0,0,1,1000,0
1228,6,4,16,3,2.6,54825.12,1,1,2,1000,128
1229,8,4,8,3,2.2,61218.72,0,0,2,1000,128
1230,6,3,16,3,1.3,87912.0,1,1,2,0,512
1231,14,4,16,3,1.95,186426.72,0,0,2,0,1000
1232,5,2,8,3,2.3,24988.8528,1,0,4,1000,0
1233,8,4,16,3,2.7,85141.44,0,0,2,1000,256
1234,1,1,4,4,1.08,51095.52,0,0,1,0,0
1235,2,2,4,3,2.1,25467.84,0,0,4,1000,0
1236,2,1,8,9,1.54,117119.5632,0,0,2,0,256
1237,5,2,4,9,2.24,39267.36,0,0,1,500,0
1238,8,4,8,3,2.3,62284.32,0,0,2,1000,128
1239,6,2,16,3,1.4,79866.72,0,1,2,0,512
1240,6,2,6,3,2.2,31838.5296,0,0,3,0,256
1241,4,1,8,3,1.45,68198.4,0,0,2,0,256
1242,3,2,4,5,2.4,19276.704,0,0,4,500,0
1243,5,5,16,3,2.77,95850.72,1,0,2,0,512
1244,2,2,4,9,1.54,58607.46719999999,0,0,1,0,256
1245,4,4,16,3,2.5,85248.0,0,1,2,1000,256
1246,5,2,4,3,1.6,46620.0,0,0,1,500,0
1247,4,4,16,3,2.34,123876.0,0,1,2,1000,256
1248,6,2,8,2,2.3,30529.44,0,1,1,0,256
1249,5,5,8,3,1.24,96596.64,1,0,1,0,256
1250,5,2,4,5,2.2,17262.72,0,0,5,500,0
1251,2,2,4,3,1.86,21258.72,0,0,3,500,0
1252,6,2,6,3,2.4,30316.32,0,0,4,0,128
1253,6,2,8,3,1.9,57116.16,0,1,1,0,256
1254,5,2,4,3,2.2,23655.7872,0,0,5,500,0
1255,4,2,4,3,2.0,18061.92,0,0,5,1000,0
1256,4,4,16,3,4.0,101232.0,0,1,2,1000,128
1257,5,2,4,3,2.29,26107.2,0,0,4,500,0
1258,6,2,8,9,2.32,47685.6,0,0,2,0,0
1259,8,4,8,3,2.4,65481.12,0,0,2,1000,128
1260,6,5,4,3,1.8,44382.7728,1,0,1,0,128
1261,4,1,8,3,1.2,38841.12,0,1,5,0,512
1262,5,2,6,3,2.3,24455.52,0,0,4,1000,0
1263,3,2,4,5,2.4,15397.92,0,0,5,500,0
1264,5,2,2,3,2.2,20193.12,0,0,5,500,0
1265,6,2,8,3,2.6,47898.72,0,1,2,1000,0
1266,2,2,6,3,2.04,29303.4672,0,0,3,0,0
1267,5,2,8,5,2.3,42943.1472,0,0,2,1000,0
1268,2,3,2,3,1.17,11135.52,0,0,5,0,0
1269,4,2,4,3,2.2,38378.6496,0,0,2,500,0
1270,6,5,4,3,1.8,33992.64,1,1,2,0,128
1271,6,5,16,3,1.3,79866.72,1,1,2,0,512
1272,6,2,2,3,1.5,12201.12,0,0,5,0,0
1273,2,2,6,3,2.19,40705.92,0,0,2,1000,0
1274,4,2,4,3,2.2,19660.32,0,0,5,500,0
1275,4,1,8,3,1.2,38841.12,0,1,5,0,512
1276,5,2,6,3,2.3,24455.52,0,0,4,1000,0
1277,3,2,4,5,2.4,15397.92,0,0,5,500,0
1278,5,2,2,3,2.2,20193.12,0,0,5,500,0
1279,6,2,8,3,2.6,47898.72,0,1,2,1000,0
1280,2,2,6,3,2.04,29303.4672,0,0,3,0,0
1281,5,2,8,5,2.3,42943.1472,0,0,2,1000,0
1282,2,3,2,3,1.17,11135.52,0,0,5,0,0
1283,4,2,4,3,2.2,38378.6496,0,0,2,500,0
1284,6,5,4,3,1.8,33992.64,1,1,2,0,128
1285,6,5,16,3,1.3,79866.72,1,1,2,0,512
1286,6,2,2,3,1.5,12201.12,0,0,5,0,0
1287,2,2,6,3,2.19,40705.92,0,0,2,1000,0
1288,4,2,4,3,2.2,19660.32,0,0,5,500,0
1289,4,1,8,3,1.2,38841.12,0,1,5,0,512
1290,5,2,6,3,2.3,24455.52,0,0,4,1000,0
1291,3,2,4,5,2.4,15397.92,0,0,5,500,0
1292,5,2,2,3,2.2,20193.12,0,0,5,500,0
1293,6,2,8,3,2.6,47898.72,0,1,2,1000,0
1294,2,2,6,3,2.04,29303.4672,0,0,3,0,0
1295,5,2,8,5,2.3,42943.1472,0,0,2,1000,0
1296,2,3,2,3,1.17,11135.52,0,0,5,0,0
1297,4,2,4,3,2.2,38378.6496,0,0,2,500,0
1298,6,5,4,3,1.8,33992.64,1,1,2,0,128
1299,6,5,16,3,1.3,79866.72,1,1,2,0,512
1300,6,2,2,3,1.5,12201.12,0,0,5,0,0
1301,2,2,6,3,2.19,40705.92,0,0,2,1000,0
1302,4,2,4,3,2.2,19660.32,0,0,5,500,0
